,Ammonium,CDI,Crop,Date_actual,Date_found_N,Date_found_NDVI,Date_found_W,Date_found_leach,LAI,N20,NDVI,NF,NH4_leach,NO3_leach,Nitrate,Precip,SWC,Stability,Temp,Tmax,Tmin,Treatment1,Treatment_N,Year
0,2.12,1.0,Soy,1997-06-17,1997-06-10,1997-06-22,1997-06-10,1997-06-18,0.608175,4.6,0.299,1.0,0.139,5.171,8.64,0.0,0.18,Stable,16.11,21.44,9.67,T2R4,T2R4,1997
1,2.46,1.0,Soy,1997-06-17,1997-06-10,1997-06-29,1997-06-10,1997-06-18,0.608175,6.9,0.342,1.0,0.034,7.508,9.68,0.0,0.19,Stable,16.11,21.44,9.67,T2R3,T2R3,1997
2,2.23,1.0,Soy,1997-06-17,1997-06-10,1997-06-13,1997-06-10,1997-06-18,0.580496,5.1,0.449,1.0,0.056,8.426,5.56,0.0,0.15,Stable,16.11,21.44,9.67,T1R4,T1R4,1997
3,2.51,1.0,Soy,1997-06-17,1997-06-10,1997-06-13,1997-06-10,1997-06-18,0.580496,2.3,0.369,1.0,0.034,9.827,9.48,0.0,0.19,Stable,16.11,21.44,9.67,T1R3,T1R3,1997
4,1.61,1.0,Soy,1997-06-17,1997-06-10,1997-06-13,1997-06-10,1997-06-18,0.580496,1.7,0.293,1.0,0.244,15.446,11.21,0.0,0.15,Unstable,16.11,21.44,9.67,T1R2,T1R2,1997
5,2.08,1.0,Soy,1997-06-17,1997-06-10,1997-06-22,1997-06-10,1997-06-18,0.608175,0.8,0.277,1.0,0.034,15.754,6.13,0.0,0.14,Stable,16.11,21.44,9.67,T2R2,T2R2,1997
6,0.73,1.0,Soy,1997-07-02,1997-07-09,1997-07-15,1997-07-09,1997-07-02,3.432875,2.7,0.654,1.0,0.072,15.096,13.2,0.0,0.13,Unstable,23.86,31.21,18.05,T1R2,T1R2,1997
7,0.0,1.0,Soy,1997-07-02,1997-07-09,1997-07-15,1997-07-09,1997-07-02,3.176896,3.4,0.59,1.0,0.06,11.834,6.06,0.0,0.18,Stable,23.86,31.21,18.05,T1R3,T1R3,1997
8,0.0,1.0,Soy,1997-07-02,1997-07-09,1997-07-15,1997-07-09,1997-07-02,3.317003,4.1,0.672,1.0,0.051,8.579,8.05,0.0,0.13,Stable,23.86,31.21,18.05,T1R4,T1R4,1997
9,0.08,1.0,Soy,1997-07-02,1997-07-09,1997-07-15,1997-07-09,1997-07-02,3.494741,2.4,0.706,1.0,0.051,19.868,9.19,0.0,0.14,Stable,23.86,31.21,18.05,T2R2,T2R2,1997
10,0.08,1.0,Soy,1997-07-02,1997-07-09,1997-07-15,1997-07-09,1997-07-02,3.262801,27.2,0.61,1.0,0.062,10.041,10.9,0.0,0.19,Stable,23.86,31.21,18.05,T2R3,T2R3,1997
11,2.73,1.0,Soy,1997-07-02,1997-07-09,1997-07-15,1997-07-09,1997-07-02,3.164662,4.2,0.66,1.0,0.077,5.764,5.95,0.0,0.17,Stable,23.86,31.21,18.05,T2R4,T2R4,1997
12,3.49,1.0,Soy,1997-07-22,1997-07-23,1997-07-15,1997-07-23,1997-07-16,3.677339,1.8,0.66,1.0,0.071,4.79,5.84,0.0,0.12,Stable,19.18,23.09,15.3,T2R4,T2R4,1997
13,2.34,1.0,Soy,1997-07-22,1997-07-23,1997-07-15,1997-07-23,1997-07-16,4.064258,2.3,0.654,1.0,0.084,12.639,5.95,0.0,0.09,Unstable,19.18,23.09,15.3,T1R2,T1R2,1997
14,3.46,1.0,Soy,1997-07-22,1997-07-23,1997-07-15,1997-07-23,1997-07-16,4.131739,0.8,0.706,1.0,0.068,20.964,7.44,0.0,0.1,Stable,19.18,23.09,15.3,T2R2,T2R2,1997
15,1.96,1.0,Soy,1997-07-22,1997-07-23,1997-07-15,1997-07-23,1997-07-16,3.855679,1.4,0.672,1.0,0.068,6.233,10.18,0.0,0.08,Stable,19.18,23.09,15.3,T1R4,T1R4,1997
16,2.22,1.0,Soy,1997-07-22,1997-07-23,1997-07-15,1997-07-23,1997-07-16,3.686565,1.0,0.59,1.0,0.068,16.984,3.43,0.0,0.15,Stable,19.18,23.09,15.3,T1R3,T1R3,1997
17,3.71,1.0,Soy,1997-07-22,1997-07-23,1997-07-15,1997-07-23,1997-07-16,3.792013,2.7,0.61,1.0,0.077,26.644,7.7,0.0,0.16,Stable,19.18,23.09,15.3,T2R3,T2R3,1997
18,0.39,1.0,Soy,1997-10-10,1997-10-07,1997-10-03,1997-10-07,1997-10-15,0.011103,4.9,0.304,1.0,0.064,5.013,2.13,0.0,0.15,Stable,12.3,18.41,8.7,T2R2,T2R2,1997
19,2.08,1.0,Soy,1997-10-10,1997-10-07,1997-10-03,1997-10-07,1997-10-15,0.011118,2.8,0.314,1.0,0.111,11.469,5.74,0.0,0.18,Unstable,12.3,18.41,8.7,T1R2,T1R2,1997
20,1.37,1.0,Soy,1997-10-10,1997-10-07,1997-10-03,1997-10-07,1997-10-15,0.011118,0.9,0.376,1.0,0.053,20.542,7.67,0.0,0.2,Stable,12.3,18.41,8.7,T1R3,T1R3,1997
21,1.11,1.0,Soy,1997-10-10,1997-10-07,1997-10-03,1997-10-07,1997-10-15,0.011118,4.8,0.412,1.0,0.053,9.634,5.57,0.0,0.16,Stable,12.3,18.41,8.7,T1R4,T1R4,1997
22,2.13,1.0,Soy,1997-10-10,1997-10-07,1997-10-03,1997-10-07,1997-10-15,0.011103,9.1,0.3,1.0,0.059,16.426,3.64,0.0,0.2,Stable,12.3,18.41,8.7,T2R3,T2R3,1997
23,1.19,1.0,Soy,1997-10-10,1997-10-07,1997-10-03,1997-10-07,1997-10-15,0.011103,5.6,0.342,1.0,0.073,3.61,3.75,0.0,0.19,Stable,12.3,18.41,8.7,T2R4,T2R4,1997
24,2.08,1.0,Soy,1997-10-30,1997-10-07,1997-10-03,1997-10-07,1997-10-15,0.0,0.0,0.314,1.0,0.111,11.469,5.74,0.0,0.18,Unstable,8.0,8.89,-1.54,T1R2,T1R2,1997
25,1.37,1.0,Soy,1997-10-30,1997-10-07,1997-10-19,1997-10-07,1997-10-15,0.0,2.0,0.339,1.0,0.053,20.542,7.67,0.0,0.2,Stable,8.0,8.89,-1.54,T1R3,T1R3,1997
26,1.11,1.0,Soy,1997-10-30,1997-10-07,1997-10-03,1997-10-07,1997-10-15,0.0,0.0,0.412,1.0,0.053,9.634,5.57,0.0,0.16,Stable,8.0,8.89,-1.54,T1R4,T1R4,1997
27,2.13,1.0,Soy,1997-10-30,1997-10-07,1997-10-03,1997-10-07,1997-10-15,0.0,3.0,0.3,1.0,0.059,16.426,3.64,0.0,0.2,Stable,8.0,8.89,-1.54,T2R3,T2R3,1997
28,1.19,1.0,Soy,1997-10-30,1997-10-07,1997-10-19,1997-10-07,1997-10-15,0.0,2.7,0.392,1.0,0.073,3.61,3.75,0.0,0.19,Stable,8.0,8.89,-1.54,T2R4,T2R4,1997
29,1.82,0.637862,Wheat,1998-05-19,1998-05-12,1998-05-15,1998-05-12,1998-05-05,1.123681,2.4,0.504,1.0,0.09,9.155,2.08,0.0,0.17,Stable,23.43,29.78,17.1,T1R3,T1R3,1998
30,1.02,0.652613,Wheat,1998-05-19,1998-05-12,1998-05-15,1998-05-12,1998-05-05,1.12298,5.6,0.614,0.999985,0.01,7.13,2.24,0.0,0.13,Stable,23.43,29.78,17.1,T1R4,T1R4,1998
33,1.57,1.0,Soy,2003-07-16,2003-07-23,2003-07-25,2003-07-09,2003-07-14,3.100071,0.38,0.508,1.0,0.082924306,47.989395142,6.07,0.0,0.18,Stable,19.9,26.31,14.0,T2R4,T2R4,2003
34,1.43,1.0,Soy,2003-07-16,2003-07-23,2003-07-25,2003-07-09,2003-07-14,3.043053,0.76,0.604,1.0,0.141747177,138.296539307,8.72,0.0,0.16,Stable,19.9,26.31,14.0,T1R4,T1R4,2003
35,1.47,1.0,Soy,2003-07-16,2003-07-23,2003-07-25,2003-07-09,2003-07-14,3.573079,1.99,0.594,1.0,0.042008452,19.41255188,3.68,0.0,0.15,Stable,19.9,26.31,14.0,T2R2,T2R2,2003
36,1.99,1.0,Soy,2003-07-16,2003-07-23,2003-07-16,2003-07-09,2003-07-28,2.986833,0.0,0.578,1.0,0.436937004,11.625703812,11.28,0.0,0.08,Stable,19.9,26.31,14.0,T1R3,T1R3,2003
37,1.46,1.0,Soy,2003-07-16,2003-07-23,2003-07-16,2003-07-09,2003-07-14,3.311748,0.0,0.488,1.0,0.020691015,30.563024521,4.45,0.0,0.17,Unstable,19.9,26.31,14.0,T1R2,T1R2,2003
38,1.57,0.571186,Soy,2003-07-25,2003-07-23,2003-07-25,2003-07-23,2003-07-28,3.264602,1.64,0.508,1.0,0.12131799,48.369552612,6.07,0.0,0.14,Stable,19.91,28.88,9.03,T2R4,T2R4,2003
39,1.47,0.577343,Soy,2003-07-25,2003-07-23,2003-07-25,2003-07-23,2003-07-14,3.748548,1.25,0.594,1.0,0.042008452,19.41255188,3.68,0.0,0.12,Stable,19.91,28.88,9.03,T2R2,T2R2,2003
40,1.43,0.455015,Soy,2003-07-25,2003-07-23,2003-07-25,2003-07-23,2003-07-28,3.200068,2.03,0.604,1.0,0.280246377,96.289886475,8.72,0.0,0.09,Stable,19.91,28.88,9.03,T1R4,T1R4,2003
41,1.99,0.495646,Soy,2003-07-25,2003-07-23,2003-07-25,2003-07-23,2003-07-28,3.147526,1.64,0.606,1.0,0.436937004,11.625703812,11.28,0.0,0.16,Stable,19.91,28.88,9.03,T1R3,T1R3,2003
42,1.46,0.491493,Soy,2003-07-25,2003-07-23,2003-07-25,2003-07-23,2003-07-14,3.479088,1.25,0.534,1.0,0.020691015,30.563024521,4.45,0.0,0.11,Unstable,19.91,28.88,9.03,T1R2,T1R2,2003
43,1.57,0.362267,Soy,2003-07-30,2003-07-23,2003-07-25,2003-07-23,2003-07-28,3.292621,0.38,0.508,1.0,0.12131799,48.369552612,6.07,0.0,0.14,Stable,20.91,29.55,12.21,T2R4,T2R4,2003
44,1.47,0.305172,Soy,2003-07-30,2003-07-23,2003-07-25,2003-07-23,2003-07-14,3.774694,0.0,0.594,1.0,0.042008452,19.41255188,3.68,0.0,0.12,Stable,20.91,29.55,12.21,T2R2,T2R2,2003
45,1.43,0.28345,Soy,2003-07-30,2003-07-23,2003-07-25,2003-07-23,2003-07-28,3.224628,0.38,0.604,1.0,0.280246377,96.289886475,8.72,0.0,0.09,Stable,20.91,29.55,12.21,T1R4,T1R4,2003
46,1.99,0.349963,Soy,2003-07-30,2003-07-23,2003-07-25,2003-07-23,2003-07-28,3.175851,0.38,0.606,1.0,0.436937004,11.625703812,11.28,0.0,0.16,Stable,20.91,29.55,12.21,T1R3,T1R3,2003
47,1.46,0.313932,Soy,2003-07-30,2003-07-23,2003-07-25,2003-07-23,2003-07-14,3.506123,0.38,0.534,1.0,0.020691015,30.563024521,4.45,0.0,0.11,Unstable,20.91,29.55,12.21,T1R2,T1R2,2003
48,0.77,1.0,Soy,2003-08-27,2003-08-20,2003-08-26,2003-08-20,2003-08-18,3.296141,1.97,0.601,1.0,0.015163123,15.212316513,2.57,2.2733,0.09,Stable,22.2,28.73,15.13,T2R4,T2R4,2003
49,2.92,1.0,Soy,2003-08-27,2003-08-20,2003-08-26,2003-08-20,2003-08-18,3.346269,2.34,0.632,1.0,0.01990675,19.549331665,2.43,2.2733,0.11,Stable,22.2,28.73,15.13,T2R3,T2R3,2003
50,1.27,0.270338,Soy,2003-09-18,2003-09-23,2003-09-27,2003-09-23,2003-09-29,2.489379,0.76,0.419,1.0,0.023434591,104.290786743,3.16,0.0,0.17,Stable,18.93,27.58,12.08,T1R4,T1R4,2003
51,0.78,0.448447,Soy,2003-09-18,2003-09-23,2003-09-27,2003-09-23,2003-09-29,2.489379,6.0,0.203,1.0,0.01377392,12.364333153,1.69,0.0,0.16,Stable,18.93,27.58,12.08,T2R2,T2R2,2003
52,1.27,0.246444,Soy,2003-09-19,2003-09-23,2003-09-27,2003-09-23,2003-09-29,2.489379,0.38,0.419,1.0,0.023434591,104.290786743,3.16,0.0,0.17,Stable,14.64,19.45,12.23,T1R4,T1R4,2003
53,0.78,1.0,Soy,2003-09-30,2003-09-23,2003-09-27,2003-09-23,2003-09-29,2.489379,1.26,0.203,1.0,0.01377392,12.364333153,1.69,0.0,0.16,Stable,8.46,11.55,4.72,T2R2,T2R2,2003
54,1.27,1.0,Soy,2003-09-30,2003-09-23,2003-09-27,2003-09-23,2003-09-29,2.489379,0.39,0.419,1.0,0.023434591,104.290786743,3.16,0.0,0.17,Stable,8.46,11.55,4.72,T1R4,T1R4,2003
55,0.99,1.0,Soy,2003-10-14,2003-10-07,2003-10-13,2003-10-07,2003-10-20,0.0,1.64,0.395,1.0,0.01454851,81.869361877,2.84,39.37,0.17,Stable,9.37,11.04,7.68,T1R4,T1R4,2003
56,1.65,1.0,Soy,2003-10-14,2003-10-07,2003-10-13,2003-10-07,2003-10-20,0.0,1.25,0.252,1.0,0.062335078,20.96978569,2.94,39.37,0.19,Stable,9.37,11.04,7.68,T1R3,T1R3,2003
57,1.78,1.0,Soy,2003-10-14,2003-10-07,2003-10-13,2003-10-07,2003-10-20,0.045,3.19,0.214,1.0,0.014609242,20.679632187,2.63,39.37,0.19,Stable,9.37,11.04,7.68,T2R3,T2R3,2003
58,1.91,1.0,Wheat,2004-05-04,2004-05-11,2004-05-31,2004-05-11,2004-05-20,4.820867,17.65,0.598,0.997637,0.03,1.12,0.61,0.0,0.18,Stable,9.76,17.3,-2.61,T2R2,T2R2,2004
59,1.91,1.0,Wheat,2004-05-04,2004-05-11,2004-05-31,2004-05-11,2004-05-04,4.812773,11.99,0.654,0.997581,0.03,27.63,0.7,0.0,0.22,Stable,9.76,17.3,-2.61,T2R3,T2R3,2004
60,1.17,1.0,Wheat,2004-05-04,2004-05-11,2004-05-31,2004-05-11,2004-05-04,3.336286,15.85,0.683,0.995935,0.06,20.54,0.39,0.0,0.18,Stable,9.76,17.3,-2.61,T1R4,T1R4,2004
61,3.17,1.0,Wheat,2004-05-04,2004-05-11,2004-05-31,2004-05-11,2004-05-04,3.32472,18.45,0.642,0.995995,0.03,7.26,1.2,0.0,0.2,Unstable,9.76,17.3,-2.61,T1R2,T1R2,2004
62,1.75,1.0,Wheat,2004-05-04,2004-05-11,2004-05-31,2004-05-11,2004-05-04,4.81479,9.59,0.626,0.997602,0.02,5.15,0.54,0.0,0.21,Stable,9.76,17.3,-2.61,T2R4,T2R4,2004
63,1.75,1.0,Wheat,2004-05-18,2004-05-11,2004-05-31,2004-05-11,2004-05-20,2.191618,1.21,0.626,0.999995,0.02,2.26,0.54,0.0,0.21,Stable,17.59,21.45,14.29,T2R4,T2R4,2004
64,1.91,1.0,Wheat,2004-05-18,2004-05-11,2004-05-31,2004-05-11,2004-05-04,2.189601,17.05,0.654,0.999994,0.03,27.63,0.7,0.0,0.22,Stable,17.59,21.45,14.29,T2R3,T2R3,2004
65,1.17,1.0,Wheat,2004-05-18,2004-05-11,2004-05-31,2004-05-11,2004-05-20,2.036232,4.65,0.683,0.99938,0.05,1.9,0.39,0.0,0.18,Stable,17.59,21.45,14.29,T1R4,T1R4,2004
66,3.33,1.0,Wheat,2004-05-18,2004-05-11,2004-05-31,2004-05-11,2004-05-20,2.035705,11.84,0.665,0.999381,0.02,1.94,1.23,0.0,0.22,Stable,17.59,21.45,14.29,T1R3,T1R3,2004
67,3.17,1.0,Wheat,2004-05-18,2004-05-11,2004-05-31,2004-05-11,2004-05-20,2.035508,3.5,0.642,0.999403,0.02,0.11,1.2,0.0,0.2,Unstable,17.59,21.45,14.29,T1R2,T1R2,2004
68,1.91,1.0,Wheat,2004-05-18,2004-05-11,2004-05-31,2004-05-11,2004-05-20,2.197695,26.96,0.598,0.999996,0.03,1.12,0.61,0.0,0.18,Stable,17.59,21.45,14.29,T2R2,T2R2,2004
69,2.4,1.0,Wheat,2004-06-04,2004-06-08,2004-06-25,2004-06-08,2004-06-02,0.88304,6.52,0.297,1.0,0.02,0.64,1.23,0.0,0.16,Stable,16.99,26.36,8.84,T2R4,T2R4,2004
70,2.44,1.0,Wheat,2004-06-04,2004-06-08,2004-06-25,2004-06-08,2004-06-02,0.9676,2.28,0.48,0.998661,0.02,0.67,1.5,0.0,0.17,Stable,16.99,26.36,8.84,T1R3,T1R3,2004
71,1.42,1.0,Wheat,2004-06-04,2004-06-08,2004-06-25,2004-06-08,2004-06-02,0.968781,1.26,0.51,0.998646,0.04,0.08,0.94,0.0,0.14,Stable,16.99,26.36,8.84,T1R4,T1R4,2004
72,1.37,1.0,Wheat,2004-06-04,2004-06-08,2004-06-25,2004-06-08,2004-06-02,0.969507,8.35,0.453,0.998675,0.01,0.06,0.92,0.0,0.15,Unstable,16.99,26.36,8.84,T1R2,T1R2,2004
73,1.13,1.0,Wheat,2004-06-04,2004-06-08,2004-06-25,2004-06-08,2004-06-02,0.889116,2.81,0.289,1.0,0.01,0.04,0.58,0.0,0.12,Stable,16.99,26.36,8.84,T2R2,T2R2,2004
103,18.65,0.655244,Corn,2005-07-13,2005-07-19,2005-07-05,2005-07-19,2005-07-11,2.256941,5.44,0.602,0.999474,0.09,1.47,16.57,0.0,0.19,Stable,25.03,31.92,19.8,T2R4,T2R4,2005
104,47.85,0.594321,Corn,2005-07-13,2005-07-19,2005-07-30,2005-07-19,2005-07-11,2.261345,4.24,0.769,0.999548,0.07,2.06,12.38,0.0,0.21,Stable,25.03,31.92,19.8,T2R3,T2R3,2005
105,12.0,0.55417,Corn,2005-07-13,2005-07-19,2005-07-14,2005-07-19,2005-07-11,2.27337,6.86,0.389,0.999604,0.06,7.38,6.2,0.0,0.17,Stable,25.03,31.92,19.8,T1R4,T1R4,2005
106,18.61,0.637953,Corn,2005-07-13,2005-07-19,2005-07-05,2005-07-19,2005-07-11,2.268706,1.09,0.639,0.999496,0.08,11.18,10.96,0.0,0.21,Stable,25.03,31.92,19.8,T1R3,T1R3,2005
107,30.43,0.65541,Corn,2005-07-13,2005-07-19,2005-07-14,2005-07-19,2005-07-26,2.324882,2.93,0.359,0.999526,0.05,3.96,8.87,0.0,0.18,Unstable,25.03,31.92,19.8,T1R2,T1R2,2005
108,18.65,1.0,Corn,2005-07-28,2005-07-19,2005-07-30,2005-07-19,2005-07-26,1.716935,37.2,0.754,0.994902,0.06,0.0,16.57,0.0,0.19,Stable,18.37,25.81,10.65,T2R4,T2R4,2005
109,47.85,1.0,Corn,2005-07-28,2005-07-19,2005-07-30,2005-07-19,2005-07-11,1.721339,35.81,0.769,0.994701,0.07,2.06,12.38,0.0,0.21,Stable,18.37,25.81,10.65,T2R3,T2R3,2005
110,18.61,1.0,Corn,2005-07-28,2005-07-19,2005-07-30,2005-07-19,2005-07-26,1.7287,10.69,0.739,0.994741,0.09,5.66,10.96,0.0,0.21,Stable,18.37,25.81,10.65,T1R3,T1R3,2005
111,12.0,1.0,Corn,2005-07-28,2005-07-19,2005-07-30,2005-07-19,2005-07-26,1.733364,5.8,0.727,0.994572,0.08,5.15,6.2,0.0,0.17,Stable,18.37,25.81,10.65,T1R4,T1R4,2005
112,30.43,1.0,Corn,2005-07-28,2005-07-19,2005-07-30,2005-07-19,2005-07-26,1.784876,16.46,0.742,0.995072,0.05,3.96,8.87,0.0,0.18,Unstable,18.37,25.81,10.65,T1R2,T1R2,2005
115,1.98,1.0,Soy,2006-06-13,2006-06-14,2006-06-15,2006-06-14,2006-06-07,0.045103,3.06,0.267,1.0,0.1,5.11,4.97,0.0,0.18,Stable,17.35,25.82,8.3,T2R4,T2R4,2006
116,1.88,1.0,Soy,2006-06-13,2006-06-14,2006-06-15,2006-06-14,2006-06-07,0.045103,0.91,0.267,1.0,0.1,4.53,4.68,0.0,0.17,Stable,17.35,25.82,8.3,T2R3,T2R3,2006
117,1.28,1.0,Soy,2006-06-13,2006-06-14,2006-06-15,2006-06-14,2006-06-07,0.045103,0.98,0.246,1.0,0.1,11.58,6.98,0.0,0.14,Unstable,17.35,25.82,8.3,T1R2,T1R2,2006
118,1.47,1.0,Soy,2006-06-13,2006-06-14,2006-06-15,2006-06-14,2006-06-07,0.045103,0.77,0.248,1.0,0.15,12.56,4.14,0.0,0.14,Stable,17.35,25.82,8.3,T2R2,T2R2,2006
119,1.98,1.0,Soy,2006-06-21,2006-06-14,2006-06-15,2006-06-14,2006-06-22,0.322548,17.79,0.267,1.0,0.1,5.31,4.97,17.145,0.18,Stable,21.77,29.54,15.71,T2R4,T2R4,2006
120,1.88,1.0,Soy,2006-06-21,2006-06-14,2006-06-15,2006-06-14,2006-06-22,0.322548,47.92,0.267,1.0,0.08,5.02,4.68,17.145,0.17,Stable,21.77,29.54,15.71,T2R3,T2R3,2006
121,1.28,1.0,Soy,2006-06-21,2006-06-14,2006-06-15,2006-06-14,2006-06-22,0.32091,6.05,0.246,1.0,0.08,11.39,6.98,17.145,0.14,Unstable,21.77,29.54,15.71,T1R2,T1R2,2006
122,1.47,1.0,Soy,2006-06-21,2006-06-14,2006-06-15,2006-06-14,2006-06-22,0.322548,17.5,0.248,1.0,0.09,14.94,4.14,17.145,0.14,Stable,21.77,29.54,15.71,T2R2,T2R2,2006
123,1.57,1.0,Soy,2006-07-06,2006-07-12,2006-07-17,2006-07-12,2006-07-17,2.029625,1.2,0.395,1.0,0.09,5.91,8.65,0.0,0.19,Stable,18.97,26.37,10.57,T2R4,T2R4,2006
124,1.99,1.0,Soy,2006-07-06,2006-07-12,2006-07-08,2006-07-12,2006-07-17,2.092591,1.35,0.322,1.0,0.1,5.69,8.18,0.0,0.19,Stable,18.97,26.37,10.57,T2R3,T2R3,2006
125,2.1,1.0,Soy,2006-07-06,2006-07-12,2006-07-17,2006-07-12,2006-07-17,1.948528,0.43,0.593,1.0,0.11,9.42,12.75,0.0,0.18,Stable,18.97,26.37,10.57,T1R3,T1R3,2006
126,1.47,1.0,Soy,2006-07-06,2006-07-12,2006-07-17,2006-07-12,2006-07-17,2.14574,1.42,0.479,1.0,0.08,10.95,6.91,0.0,0.14,Unstable,18.97,26.37,10.57,T1R2,T1R2,2006
127,1.03,1.0,Soy,2006-07-06,2006-07-12,2006-07-08,2006-07-12,2006-07-17,2.322065,0.82,0.263,1.0,0.28,13.49,5.4,0.0,0.15,Stable,18.97,26.37,10.57,T2R2,T2R2,2006
128,1.89,0.508805,Soy,2006-07-19,2006-07-25,2006-07-17,2006-07-25,2006-07-17,2.996647,3.41,0.395,1.0,0.09,5.91,3.01,0.0,0.14,Stable,22.77,31.21,15.63,T2R4,T2R4,2006
129,1.49,0.537958,Soy,2006-07-19,2006-07-25,2006-07-17,2006-07-25,2006-07-17,3.50978,3.06,0.422,1.0,0.28,13.49,4.35,0.0,0.11,Stable,22.77,31.21,15.63,T2R2,T2R2,2006
130,2.01,0.507932,Soy,2006-07-19,2006-07-25,2006-07-17,2006-07-25,2006-07-17,2.863882,0.93,0.593,1.0,0.11,9.42,6.5,0.0,0.14,Stable,22.77,31.21,15.63,T1R3,T1R3,2006
131,1.45,0.527439,Soy,2006-07-19,2006-07-25,2006-07-17,2006-07-25,2006-07-17,3.21628,1.0,0.479,1.0,0.08,10.95,1.94,0.0,0.09,Unstable,22.77,31.21,15.63,T1R2,T1R2,2006
132,1.87,0.49587,Soy,2006-07-19,2006-07-25,2006-07-17,2006-07-25,2006-07-17,3.085236,1.89,0.404,1.0,0.1,5.69,6.62,0.0,0.16,Stable,22.77,31.21,15.63,T2R3,T2R3,2006
133,2.67,0.770443,Soy,2006-08-01,2006-08-23,2006-08-02,2006-08-23,2006-08-24,3.230692,1.53,0.718,1.0,0.1,4.87,1.45,0.0,0.09,Stable,29.55,36.21,24.56,T2R4,T2R4,2006
134,2.38,0.675302,Soy,2006-08-01,2006-08-23,2006-08-02,2006-08-23,2006-08-24,3.31476,4.04,0.73,1.0,0.11,6.95,1.93,0.0,0.11,Stable,29.55,36.21,24.56,T2R3,T2R3,2006
135,2.67,1.0,Soy,2006-08-31,2006-08-23,2006-08-02,2006-08-23,2006-08-24,3.230692,1.0,0.718,1.0,0.1,4.87,1.45,0.0,0.09,Stable,16.83,23.64,11.48,T2R4,T2R4,2006
136,2.38,1.0,Soy,2006-08-31,2006-08-23,2006-08-02,2006-08-23,2006-08-24,3.31476,2.46,0.73,1.0,0.11,6.95,1.93,0.0,0.11,Stable,16.83,23.64,11.48,T2R3,T2R3,2006
137,2.39,1.0,Soy,2006-09-28,2006-09-20,2006-09-26,2006-09-20,2006-09-27,2.488974,12.78,0.42,1.0,0.1,1.72,1.66,0.0,0.2,Stable,9.82,15.82,4.78,T2R4,T2R4,2006
138,2.21,1.0,Soy,2006-09-28,2006-09-20,2006-09-26,2006-09-20,2006-09-27,2.488974,6.01,0.42,1.0,0.1,7.38,1.17,0.0,0.2,Stable,9.82,15.82,4.78,T2R3,T2R3,2006
139,1.69,1.0,Soy,2006-09-28,2006-09-20,2006-09-26,2006-09-20,2006-09-27,2.488974,9.17,0.4,1.0,0.11,7.04,1.84,0.0,0.17,Stable,9.82,15.82,4.78,T1R4,T1R4,2006
140,1.54,1.0,Soy,2006-09-28,2006-09-20,2006-09-03,2006-09-20,2006-09-27,2.488974,5.12,0.682,1.0,0.11,6.7,1.31,0.0,0.17,Stable,9.82,15.82,4.78,T1R3,T1R3,2006
141,2.08,1.0,Soy,2006-09-28,2006-09-20,2006-09-10,2006-09-20,2006-09-27,2.488974,9.66,-0.001,1.0,0.1,5.69,1.86,0.0,0.18,Unstable,9.82,15.82,4.78,T1R2,T1R2,2006
142,1.46,1.0,Soy,2006-09-28,2006-09-20,2006-09-26,2006-09-20,2006-09-27,2.488974,5.54,0.427,1.0,0.1,0.91,0.58,0.0,0.16,Stable,9.82,15.82,4.78,T2R2,T2R2,2006
148,1.23,1.0,Soy,2006-11-08,2006-11-14,2006-11-22,2006-11-14,2006-11-09,0.0,2.0,0.369,1.0,0.11,14.48,2.4,0.0,0.19,Stable,9.31,11.61,7.68,T1R4,T1R4,2006
149,1.74,1.0,Soy,2006-11-08,2006-11-14,2006-11-22,2006-11-14,2006-11-09,0.0,1.18,0.28,1.0,0.12,11.94,2.31,0.0,0.23,Stable,9.31,11.61,7.68,T1R3,T1R3,2006
150,5.04,1.0,Wheat,2007-04-17,2007-04-18,2007-04-15,2007-04-18,2007-04-26,2.044793,0.36,0.357,0.950465,0.08,7.54,3.11,0.0,0.2,Stable,9.1,16.63,-0.47,T2R4,T2R4,2007
151,2.96,1.0,Wheat,2007-04-17,2007-04-18,2007-04-15,2007-04-18,2007-04-26,1.501415,0.87,0.477,0.950371,0.08,3.97,2.26,0.0,0.15,Stable,9.1,16.63,-0.47,T1R4,T1R4,2007
152,3.85,1.0,Wheat,2007-04-17,2007-04-18,2007-04-15,2007-04-18,2007-04-12,1.501415,0.42,0.446,0.955185,0.09,4.14,2.95,0.0,0.19,Stable,9.1,16.63,-0.47,T1R3,T1R3,2007
153,3.46,1.0,Wheat,2007-04-17,2007-04-18,2007-04-15,2007-04-18,2007-04-26,1.501415,0.52,0.407,0.934364,0.08,3.79,2.68,0.0,0.17,Unstable,9.1,16.63,-0.47,T1R2,T1R2,2007
154,6.26,1.0,Wheat,2007-04-17,2007-04-18,2007-04-15,2007-04-18,2007-04-12,2.045437,0.21,0.354,0.950475,0.09,4.36,2.54,0.0,0.16,Stable,9.1,16.63,-0.47,T2R2,T2R2,2007
155,5.04,0.98863,Wheat,2007-04-25,2007-04-18,2007-04-15,2007-04-18,2007-04-26,2.4997,2.5,0.357,0.978899,0.08,7.54,3.11,24.765,0.2,Stable,9.61,13.67,7.2,T2R4,T2R4,2007
156,2.96,1.0,Wheat,2007-04-25,2007-04-18,2007-04-15,2007-04-18,2007-04-26,1.775684,1.52,0.477,1.0,0.08,3.97,2.26,24.765,0.15,Stable,9.61,13.67,7.2,T1R4,T1R4,2007
157,3.85,1.0,Wheat,2007-04-25,2007-04-18,2007-04-15,2007-04-18,2007-04-26,1.774498,2.53,0.446,1.0,0.08,5.03,2.95,24.765,0.19,Stable,9.61,13.67,7.2,T1R3,T1R3,2007
158,3.46,1.0,Wheat,2007-04-25,2007-04-18,2007-04-15,2007-04-18,2007-04-26,1.77515,1.99,0.407,1.0,0.08,3.79,2.68,24.765,0.17,Unstable,9.61,13.67,7.2,T1R2,T1R2,2007
159,6.26,1.0,Wheat,2007-04-25,2007-04-18,2007-04-15,2007-04-18,2007-04-26,2.502738,1.08,0.354,0.979021,0.09,3.45,2.54,24.765,0.16,Stable,9.61,13.67,7.2,T2R2,T2R2,2007
160,2.98,1.0,Wheat,2007-07-06,2007-07-18,2007-07-20,2007-07-18,2007-07-02,0.006177,0.5,0.193,0.999975,0.09,2.85,5.16,0.0,0.11,Stable,22.41,29.49,15.02,T2R4,T2R4,2007
161,2.67,1.0,Wheat,2007-07-06,2007-07-18,2007-07-20,2007-07-18,2007-07-02,0.006177,0.25,0.182,0.999975,0.22,4.05,2.85,0.0,0.09,Stable,22.41,29.49,15.02,T2R3,T2R3,2007
162,2.19,1.0,Wheat,2007-07-06,2007-07-18,2007-07-20,2007-07-18,2007-07-26,0.026727,0.24,0.279,0.999802,0.14,12.75,3.05,0.0,0.11,Stable,22.41,29.49,15.02,T1R3,T1R3,2007
187,1.59,1.0,Corn,2008-05-20,2008-05-27,2008-05-03,2008-05-27,2008-05-14,0.0,0.29,0.472,1.0,0.08,5.75,3.51,0.0,0.13,Unstable,12.12,17.48,7.39,T1R2,T1R2,2008
188,12.1,1.0,Corn,2008-07-08,2008-07-16,2008-07-06,2008-07-16,2008-07-10,2.813401,7.4,0.56,0.996469,0.11,5.42,11.35,1.02,0.15,Stable,23.38,28.68,18.74,T2R3,T2R3,2008
189,4.94,1.0,Corn,2008-07-08,2008-07-16,2008-07-06,2008-07-16,2008-07-10,2.882841,17.85,0.583,0.996745,0.13,28.67,6.13,1.02,0.12,Stable,23.38,28.68,18.74,T2R2,T2R2,2008
190,4.71,1.0,Corn,2008-07-08,2008-07-16,2008-07-06,2008-07-16,2008-07-24,2.988276,12.48,0.549,1.0,0.58,10.46,4.68,1.02,0.15,Stable,23.38,28.68,18.74,T1R3,T1R3,2008
191,1.67,1.0,Corn,2008-07-08,2008-07-16,2008-07-06,2008-07-16,2008-07-10,3.123258,17.57,0.515,1.0,0.08,16.72,1.79,1.02,0.1,Unstable,23.38,28.68,18.74,T1R2,T1R2,2008
192,4.38,1.0,Corn,2008-07-08,2008-07-16,2008-07-06,2008-07-16,2008-07-10,2.807582,37.36,0.537,0.996472,0.09,8.5,9.39,1.02,0.16,Stable,23.38,28.68,18.74,T2R4,T2R4,2008
193,10.94,1.0,Corn,2008-07-08,2008-07-16,2008-07-06,2008-07-16,2008-07-10,3.015998,25.52,0.631,1.0,0.1,5.37,10.35,1.02,0.07,Stable,23.38,28.68,18.74,T1R4,T1R4,2008
194,4.38,1.0,Corn,2008-07-23,2008-07-16,2008-07-22,2008-07-16,2008-07-24,3.288979,35.44,0.707,0.995266,0.11,13.01,9.39,0.0,0.16,Stable,20.32,28.43,13.91,T2R4,T2R4,2008
195,4.94,1.0,Corn,2008-07-23,2008-07-16,2008-07-22,2008-07-16,2008-07-10,3.381968,5.58,0.735,0.995582,0.13,28.67,6.13,0.0,0.12,Stable,20.32,28.43,13.91,T2R2,T2R2,2008
196,10.94,1.0,Corn,2008-07-23,2008-07-16,2008-07-22,2008-07-16,2008-07-10,3.690692,17.01,0.744,1.0,0.1,5.37,10.35,0.0,0.07,Stable,20.32,28.43,13.91,T1R4,T1R4,2008
197,4.71,1.0,Corn,2008-07-23,2008-07-16,2008-07-22,2008-07-16,2008-07-24,3.655218,3.31,0.639,1.0,0.58,10.46,4.68,0.0,0.15,Stable,20.32,28.43,13.91,T1R3,T1R3,2008
198,1.67,1.0,Corn,2008-07-23,2008-07-16,2008-07-22,2008-07-16,2008-07-24,3.811741,18.43,0.612,1.0,0.58,13.05,1.79,0.0,0.1,Unstable,20.32,28.43,13.91,T1R2,T1R2,2008
199,12.1,1.0,Corn,2008-07-23,2008-07-16,2008-07-22,2008-07-16,2008-07-24,3.296423,7.56,0.76,0.995283,1.1,69.13,11.35,0.0,0.15,Stable,20.32,28.43,13.91,T2R3,T2R3,2008
200,0.87,1.0,Soy,2009-06-04,2009-06-09,2009-06-23,2009-06-09,2009-06-01,0.130899,9.52,0.295,1.0,0.05,3.96,2.46,0.0,0.18,Stable,14.54,23.94,6.64,T2R4,T2R4,2009
201,0.88,1.0,Soy,2009-06-04,2009-06-09,2009-06-23,2009-06-09,2009-06-01,0.130899,-0.97,0.503,1.0,0.07,4.9,2.67,0.0,0.13,Stable,14.54,23.94,6.64,T1R4,T1R4,2009
202,0.95,1.0,Soy,2009-06-04,2009-06-09,2009-06-23,2009-06-09,2009-06-01,0.130899,2.43,0.302,1.0,0.05,3.67,2.34,0.0,0.15,Stable,14.54,23.94,6.64,T2R2,T2R2,2009
203,1.14,1.0,Soy,2009-06-04,2009-06-09,2009-06-23,2009-06-09,2009-06-01,0.158933,0.49,0.289,1.0,0.06,5.61,3.87,0.0,0.18,Stable,14.54,23.94,6.64,T1R3,T1R3,2009
204,1.02,1.0,Soy,2009-06-04,2009-06-09,2009-06-14,2009-06-09,2009-06-01,0.130899,2.91,0.235,1.0,0.06,5.92,3.04,0.0,0.14,Unstable,14.54,23.94,6.64,T1R2,T1R2,2009
205,1.07,1.0,Soy,2009-06-04,2009-06-09,2009-06-23,2009-06-09,2009-06-01,0.130899,8.16,0.269,1.0,0.05,5.05,2.35,0.0,0.19,Stable,14.54,23.94,6.64,T2R3,T2R3,2009
206,1.29,0.966756,Soy,2009-06-17,2009-06-22,2009-06-23,2009-06-22,2009-06-15,0.77743,4.36,0.295,1.0,0.05,6.06,2.64,14.48,0.19,Stable,16.81,19.32,13.38,T2R4,T2R4,2009
207,1.22,1.0,Soy,2009-06-17,2009-06-22,2009-06-23,2009-06-22,2009-06-15,0.786774,4.27,0.503,1.0,0.05,3.71,3.58,14.48,0.17,Stable,16.81,19.32,13.38,T1R4,T1R4,2009
208,1.23,1.0,Soy,2009-06-17,2009-06-22,2009-06-23,2009-06-22,2009-06-15,0.835306,0.28,0.302,1.0,0.05,4.94,2.25,14.48,0.15,Stable,16.81,19.32,13.38,T2R2,T2R2,2009
209,1.4,0.800449,Soy,2009-06-17,2009-06-22,2009-06-23,2009-06-22,2009-06-15,0.838114,-0.28,0.289,1.0,0.05,6.09,4.18,14.48,0.19,Stable,16.81,19.32,13.38,T1R3,T1R3,2009
210,1.47,1.0,Soy,2009-06-17,2009-06-22,2009-06-14,2009-06-22,2009-06-15,0.79852,2.66,0.235,1.0,0.05,6.02,3.45,14.48,0.17,Unstable,16.81,19.32,13.38,T1R2,T1R2,2009
211,2.05,1.0,Soy,2009-06-17,2009-06-22,2009-06-23,2009-06-22,2009-06-15,0.799282,1.8,0.269,1.0,0.05,5.02,3.61,14.48,0.2,Stable,16.81,19.32,13.38,T2R3,T2R3,2009
212,1.29,0.965437,Soy,2009-06-30,2009-06-22,2009-06-23,2009-06-22,2009-06-15,2.718861,2.47,0.295,1.0,0.05,6.06,2.64,0.0,0.19,Stable,16.09,19.8,13.31,T2R4,T2R4,2009
213,1.23,1.0,Soy,2009-06-30,2009-06-22,2009-06-23,2009-06-22,2009-06-15,3.166977,3.51,0.302,1.0,0.05,4.94,2.25,0.0,0.15,Stable,16.09,19.8,13.31,T2R2,T2R2,2009
214,1.22,1.0,Soy,2009-06-30,2009-06-22,2009-06-23,2009-06-22,2009-06-15,2.987567,-1.71,0.503,1.0,0.05,3.71,3.58,0.0,0.17,Stable,16.09,19.8,13.31,T1R4,T1R4,2009
215,1.4,1.0,Soy,2009-06-30,2009-06-22,2009-06-23,2009-06-22,2009-06-15,2.930987,0.66,0.289,1.0,0.05,6.09,4.18,0.0,0.19,Stable,16.09,19.8,13.31,T1R3,T1R3,2009
216,1.47,1.0,Soy,2009-06-30,2009-06-22,2009-06-23,2009-06-22,2009-06-15,3.159799,1.71,0.272,1.0,0.05,6.02,3.45,0.0,0.17,Unstable,16.09,19.8,13.31,T1R2,T1R2,2009
217,2.05,1.0,Soy,2009-06-30,2009-06-22,2009-06-23,2009-06-22,2009-06-15,2.816853,1.04,0.269,1.0,0.05,5.02,3.61,0.0,0.2,Stable,16.09,19.8,13.31,T2R3,T2R3,2009
218,2.51,0.360783,Soy,2009-07-16,2009-07-22,2009-07-09,2009-07-22,2009-07-13,3.245698,20.38,0.387,1.0,0.07,5.77,3.31,0.0,0.11,Stable,20.99,33.0,17.7,T2R4,T2R4,2009
219,3.32,0.330231,Soy,2009-07-16,2009-07-22,2009-07-09,2009-07-22,2009-07-13,3.534387,1.78,0.469,1.0,0.07,6.22,4.92,0.0,0.1,Stable,20.99,33.0,17.7,T1R4,T1R4,2009
220,3.1,0.39342,Soy,2009-07-16,2009-07-22,2009-07-09,2009-07-22,2009-07-01,3.816135,1.97,0.385,1.0,0.09,8.06,4.21,0.0,0.04,Stable,20.99,33.0,17.7,T2R2,T2R2,2009
221,3.12,0.364376,Soy,2009-07-16,2009-07-22,2009-07-09,2009-07-22,2009-07-13,3.414703,-0.09,0.356,1.0,0.07,7.68,11.25,0.0,0.1,Stable,20.99,33.0,17.7,T1R3,T1R3,2009
222,3.06,0.399545,Soy,2009-07-16,2009-07-22,2009-07-09,2009-07-22,2009-07-13,3.80323,-1.41,0.309,1.0,0.07,8.19,11.07,0.0,0.08,Unstable,20.99,33.0,17.7,T1R2,T1R2,2009
223,2.04,0.345584,Soy,2009-07-16,2009-07-22,2009-07-09,2009-07-22,2009-07-13,3.359497,1.13,0.37,1.0,0.06,5.84,4.84,0.0,0.1,Stable,20.99,33.0,17.7,T2R3,T2R3,2009
224,2.51,0.291641,Soy,2009-07-30,2009-07-22,2009-07-09,2009-07-22,2009-07-27,3.300304,116.59,0.387,1.0,0.05,6.36,3.31,0.0,0.11,Stable,18.75,26.23,10.21,T2R4,T2R4,2009
225,3.32,0.22759,Soy,2009-07-30,2009-07-22,2009-07-09,2009-07-22,2009-07-27,3.579294,-0.38,0.469,1.0,0.06,7.47,4.92,0.0,0.1,Stable,18.75,26.23,10.21,T1R4,T1R4,2009
226,3.1,0.219626,Soy,2009-07-30,2009-07-22,2009-07-09,2009-07-22,2009-07-01,3.866649,0.48,0.385,1.0,0.09,8.06,4.21,0.0,0.04,Stable,18.75,26.23,10.21,T2R2,T2R2,2009
227,3.12,0.274879,Soy,2009-07-30,2009-07-22,2009-07-09,2009-07-22,2009-07-27,3.459654,-0.1,0.356,1.0,0.06,8.06,11.25,0.0,0.1,Stable,18.75,26.23,10.21,T1R3,T1R3,2009
228,3.06,0.227271,Soy,2009-07-30,2009-07-22,2009-07-09,2009-07-22,2009-07-27,3.853637,1.54,0.309,1.0,0.04,5.48,11.07,0.0,0.08,Unstable,18.75,26.23,10.21,T1R2,T1R2,2009
229,2.04,0.233085,Soy,2009-07-30,2009-07-22,2009-07-09,2009-07-22,2009-07-13,3.407685,2.97,0.37,1.0,0.06,5.84,4.84,0.0,0.1,Stable,18.75,26.23,10.21,T2R3,T2R3,2009
230,1.81,1.0,Soy,2009-09-02,2009-09-08,2009-09-02,2009-09-08,2009-09-14,0.014959,1.07,0.734,1.0,0.04,6.08,1.17,0.0,0.17,Stable,15.62,25.3,6.64,T2R3,T2R3,2009
231,1.0,1.0,Soy,2009-09-02,2009-09-08,2009-09-02,2009-09-08,2009-09-14,0.014959,1.17,0.719,1.0,0.09,0.7,0.56,0.0,0.13,Stable,15.62,25.3,6.64,T2R2,T2R2,2009
232,1.12,1.0,Soy,2009-09-02,2009-09-08,2009-09-11,2009-09-08,2009-09-14,0.014959,1.46,0.455,1.0,0.04,3.95,0.57,0.0,0.13,Stable,15.62,25.3,6.64,T1R4,T1R4,2009
233,1.29,1.0,Soy,2009-09-02,2009-09-08,2009-09-02,2009-09-08,2009-09-14,0.014959,1.26,0.736,1.0,0.11,2.77,0.73,0.0,0.16,Stable,15.62,25.3,6.64,T2R4,T2R4,2009
234,1.88,1.0,Soy,2009-09-16,2009-09-23,2009-09-18,2009-09-23,2009-09-14,0.014959,1.05,0.452,1.0,0.04,6.08,0.96,0.0,0.13,Stable,15.75,20.46,9.49,T2R3,T2R3,2009
235,1.43,1.0,Soy,2009-09-16,2009-09-23,2009-09-11,2009-09-23,2009-09-14,0.014959,0.67,0.455,1.0,0.04,3.95,1.29,0.0,0.1,Stable,15.75,20.46,9.49,T1R4,T1R4,2009
236,1.44,1.0,Soy,2009-09-16,2009-09-23,2009-09-11,2009-09-23,2009-09-14,0.014959,0.67,0.657,1.0,0.11,2.77,1.01,0.0,0.13,Stable,15.75,20.46,9.49,T2R4,T2R4,2009
237,1.51,1.0,Soy,2009-09-16,2009-09-23,2009-09-11,2009-09-23,2009-09-14,0.014959,-0.1,0.529,1.0,0.09,0.7,0.72,0.0,0.1,Stable,15.75,20.46,9.49,T2R2,T2R2,2009
238,1.46,1.0,Soy,2009-10-07,2009-10-14,2009-10-13,2009-10-14,2009-10-19,0.014959,-0.68,0.465,1.0,0.06,5.33,1.16,0.25,0.18,Stable,9.7,12.9,5.74,T1R4,T1R4,2009
239,1.27,1.0,Soy,2009-10-07,2009-10-14,2009-10-13,2009-10-14,2009-10-19,0.014959,-0.97,0.402,1.0,0.04,3.98,1.14,0.25,0.18,Unstable,9.7,12.9,5.74,T1R2,T1R2,2009
240,1.14,1.0,Soy,2009-10-07,2009-10-14,2009-10-13,2009-10-14,2009-10-19,0.014959,1.45,0.247,1.0,0.05,2.98,1.09,0.25,0.16,Stable,9.7,12.9,5.74,T2R2,T2R2,2009
241,1.14,1.0,Soy,2009-10-09,2009-10-14,2009-10-13,2009-10-14,2009-10-19,0.014959,8.9,0.247,1.0,0.05,2.98,1.09,14.48,0.16,Stable,8.75,10.6,5.63,T2R2,T2R2,2009
242,1.46,1.0,Soy,2009-10-09,2009-10-14,2009-10-13,2009-10-14,2009-10-19,0.014959,3.97,0.465,1.0,0.06,5.33,1.16,14.48,0.18,Stable,8.75,10.6,5.63,T1R4,T1R4,2009
243,1.27,1.0,Soy,2009-10-09,2009-10-14,2009-10-13,2009-10-14,2009-10-19,0.014959,2.71,0.402,1.0,0.04,3.98,1.14,14.48,0.18,Unstable,8.75,10.6,5.63,T1R2,T1R2,2009
244,8.89,1.0,Wheat,2010-05-14,2010-05-10,2010-05-09,2010-05-10,2010-05-18,4.568059,5.78,0.478,0.996987,0.05,3.89,5.96,0.0,0.17,Stable,14.2,17.92,9.63,T2R2,T2R2,2010
245,5.12,1.0,Wheat,2010-05-14,2010-05-10,2010-05-09,2010-05-10,2010-05-18,2.841162,11.84,0.567,0.996542,0.07,8.89,7.35,0.0,0.17,Stable,14.2,17.92,9.63,T1R4,T1R4,2010
246,5.73,1.0,Wheat,2010-05-14,2010-05-10,2010-05-09,2010-05-10,2010-05-18,3.463869,0.96,0.448,0.996392,0.05,6.99,5.73,0.0,0.19,Stable,14.2,17.92,9.63,T1R3,T1R3,2010
247,6.84,1.0,Wheat,2010-05-14,2010-05-10,2010-05-09,2010-05-10,2010-05-18,3.06037,24.07,0.471,0.996314,0.05,8.23,5.01,0.0,0.18,Unstable,14.2,17.92,9.63,T1R2,T1R2,2010
248,4.41,1.0,Wheat,2010-05-14,2010-05-10,2010-05-09,2010-05-10,2010-05-04,4.40367,6.16,0.459,0.996803,0.07,4.99,5.2,0.0,0.21,Stable,14.2,17.92,9.63,T2R3,T2R3,2010
249,4.38,1.0,Wheat,2010-05-14,2010-05-10,2010-05-09,2010-05-10,2010-05-18,2.468845,2.02,0.484,0.997275,0.07,2.82,4.12,0.0,0.21,Stable,14.2,17.92,9.63,T2R4,T2R4,2010
250,1.48,0.832579,Wheat,2010-05-27,2010-05-24,2010-05-25,2010-05-24,2010-05-18,1.349295,3.55,0.448,1.0,0.07,2.82,0.38,0.0,0.19,Stable,22.44,28.43,17.37,T2R4,T2R4,2010
251,5.12,1.0,Wheat,2010-05-27,2010-05-10,2010-05-09,2010-05-10,2010-05-18,1.52348,4.48,0.567,1.0,0.07,8.89,7.35,0.0,0.17,Stable,22.44,28.43,17.37,T1R4,T1R4,2010
252,2.47,0.935635,Wheat,2010-05-27,2010-05-24,2010-05-25,2010-05-24,2010-05-18,1.760396,-0.47,0.566,1.0,0.05,3.89,1.26,0.0,0.15,Stable,22.44,28.43,17.37,T2R2,T2R2,2010
253,1.5,0.856632,Wheat,2010-05-27,2010-05-24,2010-05-09,2010-05-24,2010-05-18,1.666457,2.8,0.448,1.0,0.05,6.99,0.83,0.0,0.19,Stable,22.44,28.43,17.37,T1R3,T1R3,2010
254,2.29,1.0,Wheat,2010-05-27,2010-05-24,2010-05-09,2010-05-24,2010-05-18,1.658353,3.18,0.471,1.0,0.05,8.23,2.77,0.0,0.17,Unstable,22.44,28.43,17.37,T1R2,T1R2,2010
255,1.79,0.761144,Wheat,2010-05-27,2010-05-24,2010-05-25,2010-05-24,2010-05-04,1.735933,1.49,0.488,1.0,0.07,4.99,0.62,0.0,0.19,Stable,22.44,28.43,17.37,T2R3,T2R3,2010
256,1.21,1.0,Wheat,2010-06-10,2010-06-07,2010-06-10,2010-06-07,2010-06-15,0.594751,1.8,0.495,0.996002,0.21,0.59,0.26,0.0,0.2,Stable,19.12,24.04,13.72,T2R4,T2R4,2010
257,2.19,1.0,Wheat,2010-06-10,2010-06-07,2010-06-10,2010-06-07,2010-06-15,1.005614,1.42,0.57,1.0,0.13,0.05,0.5,0.0,0.15,Stable,19.12,24.04,13.72,T2R2,T2R2,2010
258,1.02,1.0,Wheat,2010-06-10,2010-06-07,2010-06-10,2010-06-07,2010-06-15,0.907246,6.17,0.659,1.0,0.1,1.9,0.25,0.0,0.16,Stable,19.12,24.04,13.72,T1R4,T1R4,2010
259,1.15,1.0,Wheat,2010-06-10,2010-06-07,2010-06-10,2010-06-07,2010-06-15,0.98108,-0.19,0.447,1.0,0.1,5.58,0.52,0.0,0.19,Stable,19.12,24.04,13.72,T1R3,T1R3,2010
260,1.81,1.0,Wheat,2010-06-10,2010-06-07,2010-06-10,2010-06-07,2010-06-15,0.934518,4.17,0.56,1.0,0.09,2.38,1.94,0.0,0.18,Unstable,19.12,24.04,13.72,T1R2,T1R2,2010
261,1.5,1.0,Wheat,2010-06-10,2010-06-07,2010-06-10,2010-06-07,2010-06-03,1.002907,1.9,0.603,1.0,0.06,4.28,0.54,0.0,0.2,Stable,19.12,24.04,13.72,T2R3,T2R3,2010
262,1.35,1.0,Wheat,2010-06-24,2010-06-21,2010-06-10,2010-06-21,2010-06-03,0.253974,1.49,0.603,0.999057,0.06,4.28,0.81,0.0,0.19,Stable,21.73,25.68,17.05,T2R3,T2R3,2010
263,0.96,1.0,Wheat,2010-06-24,2010-06-21,2010-06-10,2010-06-21,2010-06-15,0.254945,14.24,0.57,0.999076,0.13,0.05,0.61,0.0,0.15,Stable,21.73,25.68,17.05,T2R2,T2R2,2010
264,1.66,1.0,Wheat,2010-06-24,2010-06-21,2010-06-10,2010-06-21,2010-06-15,0.230391,40.96,0.659,0.999208,0.1,1.9,0.66,0.0,0.16,Stable,21.73,25.68,17.05,T1R4,T1R4,2010
265,2.03,1.0,Wheat,2010-06-24,2010-06-21,2010-06-10,2010-06-21,2010-06-15,0.251387,7.26,0.447,0.999031,0.1,5.58,1.19,0.0,0.2,Stable,21.73,25.68,17.05,T1R3,T1R3,2010
266,0.76,1.0,Wheat,2010-06-24,2010-06-21,2010-06-10,2010-06-21,2010-06-15,0.247167,7.17,0.56,0.999018,0.09,2.38,1.03,0.0,0.17,Unstable,21.73,25.68,17.05,T1R2,T1R2,2010
267,0.79,1.0,Wheat,2010-06-24,2010-06-21,2010-06-10,2010-06-21,2010-06-15,0.080061,12.57,0.495,0.999904,0.21,0.59,0.57,0.0,0.2,Stable,21.73,25.68,17.05,T2R4,T2R4,2010
284,3.43,1.0,Corn,2011-06-01,2011-06-14,2011-06-29,2011-06-14,2011-06-30,0.375359,4.47,0.583,0.844399,0.12,3.84,7.56,0.0,0.18,Stable,21.58,24.26,15.57,T2R3,T2R3,2011
285,4.14,1.0,Corn,2011-06-01,2011-06-14,2011-06-29,2011-06-14,2011-06-13,0.375359,0.84,0.554,0.844399,0.1,16.86,9.84,0.0,0.15,Stable,21.58,24.26,15.57,T2R2,T2R2,2011
286,1.34,1.0,Corn,2011-06-01,2011-06-14,2011-06-13,2011-06-14,2011-06-13,0.355471,5.3,0.57,0.815421,0.09,12.15,10.14,0.0,0.14,Stable,21.58,24.26,15.57,T1R4,T1R4,2011
287,1.71,1.0,Corn,2011-06-01,2011-06-14,2011-06-13,2011-06-14,2011-06-13,0.355471,2.14,0.463,0.815421,0.09,8.8,10.99,0.0,0.18,Stable,21.58,24.26,15.57,T1R3,T1R3,2011
288,2.38,1.0,Corn,2011-06-01,2011-06-14,2011-06-29,2011-06-14,2011-06-13,0.355471,1.02,0.475,0.815421,0.09,12.97,11.63,0.0,0.15,Unstable,21.58,24.26,15.57,T1R2,T1R2,2011
289,2.87,1.0,Corn,2011-06-01,2011-06-14,2011-06-13,2011-06-14,2011-06-13,0.375359,1.3,0.318,0.844399,0.09,4.19,9.09,0.0,0.19,Stable,21.58,24.26,15.57,T2R4,T2R4,2011
290,48.76,1.0,Corn,2011-06-29,2011-06-27,2011-06-29,2011-06-27,2011-06-30,2.536661,12.29,0.583,0.999961,0.12,3.84,25.62,0.0,0.18,Stable,19.05,25.97,10.65,T2R3,T2R3,2011
291,24.02,1.0,Corn,2011-06-29,2011-06-27,2011-06-29,2011-06-27,2011-06-30,2.54736,2.02,0.554,0.999969,0.12,28.31,19.43,0.0,0.14,Stable,19.05,25.97,10.65,T2R2,T2R2,2011
292,8.56,1.0,Corn,2011-06-29,2011-06-27,2011-06-29,2011-06-27,2011-06-30,2.793122,14.59,0.67,0.981932,0.14,24.59,11.41,0.0,0.13,Stable,19.05,25.97,10.65,T1R4,T1R4,2011
293,27.31,1.0,Corn,2011-06-29,2011-06-27,2011-06-29,2011-06-27,2011-06-30,2.776574,14.59,0.649,0.981548,0.11,12.59,17.68,0.0,0.17,Stable,19.05,25.97,10.65,T1R3,T1R3,2011
294,17.48,1.0,Corn,2011-06-29,2011-06-27,2011-06-29,2011-06-27,2011-06-30,2.53323,6.82,0.467,0.999961,0.11,5.89,19.66,0.0,0.17,Stable,19.05,25.97,10.65,T2R4,T2R4,2011
295,11.48,1.0,Corn,2011-06-29,2011-06-27,2011-06-29,2011-06-27,2011-06-30,2.800832,5.76,0.475,0.982121,0.12,15.15,14.46,0.0,0.14,Unstable,19.05,25.97,10.65,T1R2,T1R2,2011
296,24.94,1.0,Corn,2011-07-14,2011-07-12,2011-07-31,2011-07-12,2011-07-18,2.646178,2.1,0.685,0.993542,0.1,7.91,28.99,0.0,0.16,Stable,19.78,27.2,13.07,T2R4,T2R4,2011
297,13.03,1.0,Corn,2011-07-14,2011-07-12,2011-07-31,2011-07-12,2011-07-18,3.108515,20.68,0.718,1.0,0.1,25.45,17.81,0.0,0.15,Stable,19.78,27.2,13.07,T1R4,T1R4,2011
298,12.98,1.0,Corn,2011-07-14,2011-07-12,2011-07-31,2011-07-12,2011-07-18,3.108557,21.92,0.707,1.0,0.12,17.02,12.16,0.0,0.17,Stable,19.78,27.2,13.07,T1R3,T1R3,2011
299,9.35,1.0,Corn,2011-07-14,2011-07-12,2011-07-31,2011-07-12,2011-07-18,3.167691,3.34,0.666,1.0,0.1,12.65,10.82,0.0,0.15,Unstable,19.78,27.2,13.07,T1R2,T1R2,2011
300,9.39,1.0,Corn,2011-07-14,2011-07-12,2011-07-31,2011-07-12,2011-07-18,2.643583,6.58,0.721,0.993198,0.12,6.49,22.41,0.0,0.19,Stable,19.78,27.2,13.07,T2R3,T2R3,2011
301,13.84,0.813975,Corn,2011-07-28,2011-07-25,2011-07-31,2011-07-25,2011-07-18,2.329057,18.57,0.685,0.999748,0.1,7.91,11.59,34.54,0.09,Stable,25.4,30.79,21.42,T2R4,T2R4,2011
302,12.34,0.555845,Corn,2011-07-28,2011-07-25,2011-07-31,2011-07-25,2011-07-18,2.734173,29.83,0.718,0.999978,0.1,25.45,5.96,34.54,0.05,Stable,25.4,30.79,21.42,T1R4,T1R4,2011
303,9.59,0.813776,Corn,2011-07-28,2011-07-25,2011-07-31,2011-07-25,2011-07-18,2.734215,29.65,0.707,0.999734,0.12,17.02,10.85,34.54,0.09,Stable,25.4,30.79,21.42,T1R3,T1R3,2011
304,5.09,0.820398,Corn,2011-07-28,2011-07-25,2011-07-31,2011-07-25,2011-07-18,2.793349,17.46,0.666,0.999771,0.1,12.65,7.39,34.54,0.06,Unstable,25.4,30.79,21.42,T1R2,T1R2,2011
305,18.97,0.721298,Corn,2011-07-28,2011-07-25,2011-07-31,2011-07-25,2011-07-18,2.326462,39.81,0.721,0.999854,0.12,6.49,19.0,34.54,0.09,Stable,25.4,30.79,21.42,T2R3,T2R3,2011
306,1.64,1.0,Corn,2011-09-15,2011-09-26,2011-09-01,2011-09-12,2011-09-13,0.810455,2.84,0.692,0.99845,0.13,7.89,0.85,0.0,0.19,Stable,9.31,15.86,4.02,T2R3,T2R3,2011
307,1.32,1.0,Corn,2011-09-15,2011-09-26,2011-09-01,2011-09-12,2011-09-01,0.84063,7.25,0.66,0.998441,0.1,0.0,1.17,0.0,0.14,Stable,9.31,15.86,4.02,T2R2,T2R2,2011
308,1.26,1.0,Corn,2011-09-15,2011-09-26,2011-09-01,2011-09-12,2011-09-13,0.978233,0.78,0.666,0.999469,0.12,5.47,1.83,0.0,0.17,Stable,9.31,15.86,4.02,T1R3,T1R3,2011
309,1.25,1.0,Corn,2011-09-15,2011-09-26,2011-09-01,2011-09-12,2011-09-13,1.021271,1.27,0.672,0.999465,2.25,6.72,2.91,0.0,0.14,Unstable,9.31,15.86,4.02,T1R2,T1R2,2011
310,1.35,1.0,Corn,2011-09-15,2011-09-26,2011-09-24,2011-09-12,2011-09-13,0.817078,0.39,0.52,0.998466,0.15,0.08,0.91,0.0,0.17,Stable,9.31,15.86,4.02,T2R4,T2R4,2011
311,1.76,1.0,Corn,2011-09-15,2011-09-26,2011-09-24,2011-09-12,2011-09-13,0.967551,1.18,0.544,0.999458,0.3,17.45,1.78,0.0,0.12,Stable,9.31,15.86,4.02,T1R4,T1R4,2011
312,1.35,1.0,Corn,2011-09-29,2011-09-26,2011-09-24,2011-09-26,2011-09-27,0.817078,2.3,0.52,0.997782,0.11,0.06,0.91,12.95,0.19,Stable,13.0,17.44,9.72,T2R4,T2R4,2011
313,1.32,1.0,Corn,2011-09-29,2011-09-26,2011-09-01,2011-09-26,2011-09-01,0.84063,20.99,0.66,0.997756,0.1,0.0,1.17,12.95,0.16,Stable,13.0,17.44,9.72,T2R2,T2R2,2011
314,1.76,1.0,Corn,2011-09-29,2011-09-26,2011-09-24,2011-09-26,2011-09-27,0.967551,0.86,0.544,0.998865,0.21,17.31,1.78,12.95,0.13,Stable,13.0,17.44,9.72,T1R4,T1R4,2011
315,1.26,1.0,Corn,2011-09-29,2011-09-26,2011-09-01,2011-09-26,2011-09-27,0.978233,0.58,0.666,0.998884,0.13,4.93,1.83,12.95,0.19,Stable,13.0,17.44,9.72,T1R3,T1R3,2011
316,1.25,1.0,Corn,2011-09-29,2011-09-26,2011-09-01,2011-09-26,2011-09-13,1.021271,-0.77,0.672,0.998882,2.25,6.72,2.91,12.95,0.16,Unstable,13.0,17.44,9.72,T1R2,T1R2,2011
317,1.64,1.0,Corn,2011-09-29,2011-09-26,2011-09-01,2011-09-26,2011-09-27,0.810455,0.96,0.692,0.997761,0.12,6.39,0.85,12.95,0.2,Stable,13.0,17.44,9.72,T2R3,T2R3,2011
318,1.27,1.0,Corn,2011-10-13,2011-10-10,2011-10-03,2011-10-10,2011-10-11,0.817078,0.77,0.467,0.997402,0.12,3.71,0.84,10.16,0.19,Stable,13.5,17.4,9.46,T2R4,T2R4,2011
319,1.23,1.0,Corn,2011-10-13,2011-10-10,2011-10-03,2011-10-10,2011-10-11,0.84063,10.54,0.326,0.997375,0.11,0.06,0.65,10.16,0.15,Stable,13.5,17.4,9.46,T2R2,T2R2,2011
320,1.26,1.0,Corn,2011-10-13,2011-10-10,2011-10-03,2011-10-10,2011-10-11,0.978233,0.38,0.447,0.99852,0.11,4.82,2.05,10.16,0.19,Stable,13.5,17.4,9.46,T1R3,T1R3,2011
321,1.58,1.0,Corn,2011-10-13,2011-10-10,2011-10-03,2011-10-10,2011-10-11,1.021271,3.35,0.42,0.998519,0.15,0.64,1.06,10.16,0.16,Unstable,13.5,17.4,9.46,T1R2,T1R2,2011
322,2.13,1.0,Corn,2011-10-13,2011-10-10,2011-10-03,2011-10-10,2011-10-11,0.810455,-0.29,0.394,0.997378,0.16,6.15,1.35,10.16,0.2,Stable,13.5,17.4,9.46,T2R3,T2R3,2011
323,1.55,1.0,Corn,2011-11-09,2011-11-07,2011-11-04,2011-11-07,2011-11-03,0.817078,1.05,0.379,0.997112,0.14,2.84,1.04,7.37,0.19,Stable,10.81,16.4,3.27,T2R4,T2R4,2011
324,1.39,1.0,Corn,2011-11-09,2011-11-07,2011-11-04,2011-11-07,2011-11-03,0.967551,0.48,0.421,0.9982,0.14,8.67,1.15,7.37,0.17,Stable,10.81,16.4,3.27,T1R4,T1R4,2011
325,1.51,1.0,Corn,2011-11-09,2011-11-07,2011-11-04,2011-11-07,2011-11-03,0.84063,8.76,0.264,0.997085,0.14,1.52,1.38,7.37,0.16,Stable,10.81,16.4,3.27,T2R2,T2R2,2011
326,1.68,1.0,Corn,2011-11-09,2011-11-07,2011-11-04,2011-11-07,2011-11-03,0.978233,1.52,0.348,0.998227,0.13,7.9,1.77,7.37,0.2,Stable,10.81,16.4,3.27,T1R3,T1R3,2011
327,1.34,1.0,Corn,2011-11-09,2011-11-07,2011-11-04,2011-11-07,2011-11-03,1.021271,0.19,0.33,0.998228,0.13,3.13,1.18,7.37,0.18,Unstable,10.81,16.4,3.27,T1R2,T1R2,2011
328,1.65,1.0,Corn,2011-11-09,2011-11-07,2011-11-04,2011-11-07,2011-11-03,0.810455,-0.1,0.247,0.997086,0.14,4.71,1.2,7.37,0.21,Stable,10.81,16.4,3.27,T2R3,T2R3,2011
329,9.34,0.882069,Wheat,2013-05-08,2013-05-07,2013-05-01,2013-05-07,2013-05-06,3.066273,4.64,0.463,1.0,0.01,3.51,6.06,0.0,0.16,Stable,18.13,27.08,8.46,T2R4,T2R4,2013
330,8.36,1.0,Wheat,2013-05-08,2013-05-07,2013-05-01,2013-05-07,2013-05-06,3.068402,4.15,0.421,1.0,0.07,0.88,4.02,0.0,0.13,Stable,18.13,27.08,8.46,T2R2,T2R2,2013
331,9.95,1.0,Wheat,2013-05-08,2013-05-07,2013-05-01,2013-05-07,2013-05-06,3.069326,3.77,0.501,1.0,0.02,8.02,5.54,0.0,0.12,Stable,18.13,27.08,8.46,T1R4,T1R4,2013
332,11.32,0.975999,Wheat,2013-05-08,2013-05-07,2013-05-01,2013-05-07,2013-05-06,3.07075,6.18,0.406,1.0,0.03,11.1,6.28,0.0,0.17,Stable,18.13,27.08,8.46,T1R3,T1R3,2013
333,13.1,1.0,Wheat,2013-05-08,2013-05-07,2013-05-01,2013-05-07,2013-05-06,3.068499,-1.74,0.397,1.0,0.05,9.6,7.5,0.0,0.13,Unstable,18.13,27.08,8.46,T1R2,T1R2,2013
334,5.56,0.663346,Wheat,2013-05-21,2013-05-22,2013-05-01,2013-05-22,2013-05-23,2.559002,21.81,0.421,0.999088,0.07,1.45,5.06,16.26,0.16,Stable,21.88,26.66,15.73,T2R2,T2R2,2013
335,5.11,0.564908,Wheat,2013-05-21,2013-05-22,2013-05-01,2013-05-22,2013-05-06,2.559009,13.22,0.501,0.999266,0.02,8.02,4.55,16.26,0.11,Stable,21.88,26.66,15.73,T1R4,T1R4,2013
336,12.2,0.578355,Wheat,2013-05-21,2013-05-22,2013-05-01,2013-05-22,2013-05-23,2.559811,8.69,0.406,0.99923,0.03,10.6,11.48,16.26,0.18,Stable,21.88,26.66,15.73,T1R3,T1R3,2013
337,25.52,0.632471,Wheat,2013-05-21,2013-05-22,2013-05-01,2013-05-22,2013-05-23,2.557632,7.74,0.397,0.999113,0.04,9.12,18.85,16.26,0.13,Unstable,21.88,26.66,15.73,T1R2,T1R2,2013
338,5.16,0.612377,Wheat,2013-05-21,2013-05-22,2013-05-01,2013-05-22,2013-05-23,2.557172,79.68,0.463,0.999203,0.02,4.08,6.73,16.26,0.13,Stable,21.88,26.66,15.73,T2R4,T2R4,2013
339,1.27,1.0,Wheat,2013-06-19,2013-06-17,2013-06-18,2013-06-17,2013-06-17,0.467515,0.87,0.683,0.999179,0.02,6.17,0.74,0.0,0.19,Stable,16.58,25.49,8.22,T2R3,T2R3,2013
340,1.59,1.0,Wheat,2013-06-19,2013-06-17,2013-06-18,2013-06-17,2013-06-17,0.468976,3.0,0.668,0.999232,0.04,11.7,0.73,0.0,0.16,Stable,16.58,25.49,8.22,T2R2,T2R2,2013
341,1.93,1.0,Wheat,2013-06-19,2013-06-17,2013-06-18,2013-06-17,2013-06-17,0.469227,1.65,0.736,0.999177,0.04,9.07,1.06,0.0,0.19,Stable,16.58,25.49,8.22,T1R3,T1R3,2013
342,1.43,1.0,Wheat,2013-06-19,2013-06-17,2013-06-18,2013-06-17,2013-06-17,0.467252,-1.55,0.675,0.999194,0.03,1.56,0.71,0.0,0.19,Stable,16.58,25.49,8.22,T2R4,T2R4,2013
343,1.77,1.0,Wheat,2013-06-19,2013-06-17,2013-06-18,2013-06-17,2013-06-17,0.467108,3.48,0.698,0.999233,0.03,0.98,0.89,0.0,0.14,Unstable,16.58,25.49,8.22,T1R2,T1R2,2013
344,2.09,1.0,Wheat,2013-07-02,2013-07-01,2013-07-20,2013-07-01,2013-07-23,0.111011,-0.67,0.358,0.999716,0.05,3.97,0.64,10.41,0.18,Stable,16.92,21.3,11.97,T2R3,T2R3,2013
345,2.15,1.0,Wheat,2013-07-02,2013-07-01,2013-07-20,2013-07-01,2013-07-01,0.112615,2.29,0.498,0.999712,0.08,3.21,0.8,10.41,0.17,Stable,16.92,21.3,11.97,T1R3,T1R3,2013
346,2.14,1.0,Wheat,2013-07-16,2013-07-22,2013-07-20,2013-07-22,2013-07-23,0.01125,1.01,0.498,0.999895,0.02,3.23,3.19,0.0,0.19,Stable,27.75,33.21,22.59,T1R3,T1R3,2013
347,2.34,1.0,Wheat,2013-07-16,2013-07-22,2013-07-20,2013-07-22,2013-07-23,0.01125,1.38,0.358,0.999895,0.05,3.97,3.03,0.0,0.2,Stable,27.75,33.21,22.59,T2R3,T2R3,2013
355,2.13,1.0,Corn,2014-05-15,2014-05-12,2014-05-20,2014-05-12,2014-05-13,0.0,0.1,0.442,1.0,0.08,9.28,3.87,12.45,0.15,Stable,6.47,7.83,1.59,T1R3,T1R3,2014
356,8.07,1.0,Corn,2014-06-03,2014-06-02,2014-06-05,2014-06-02,2014-06-02,0.063348,1.12,0.423,0.902123,0.04,8.21,18.6,0.0,0.16,Stable,20.77,22.31,12.69,T2R4,T2R4,2014
357,4.66,1.0,Corn,2014-06-03,2014-06-02,2014-06-05,2014-06-02,2014-06-02,0.063348,2.32,0.376,0.902123,0.11,5.4,7.84,0.0,0.13,Stable,20.77,22.31,12.69,T2R2,T2R2,2014
358,3.74,1.0,Corn,2014-06-03,2014-06-02,2014-06-05,2014-06-02,2014-06-02,0.254219,1.3,0.565,0.874083,0.22,5.23,12.54,0.0,0.12,Stable,20.77,22.31,12.69,T1R4,T1R4,2014
359,4.0,1.0,Corn,2014-06-03,2014-06-02,2014-06-05,2014-06-02,2014-06-02,0.254219,41.26,0.528,0.874083,0.06,8.77,14.99,0.0,0.15,Stable,20.77,22.31,12.69,T1R3,T1R3,2014
360,4.03,1.0,Corn,2014-06-03,2014-06-02,2014-06-05,2014-06-02,2014-06-02,0.254219,2.69,0.339,0.874083,0.04,6.33,10.02,0.0,0.13,Unstable,20.77,22.31,12.69,T1R2,T1R2,2014
361,3.74,1.0,Corn,2014-06-03,2014-06-02,2014-06-05,2014-06-02,2014-06-02,0.063348,2.88,0.326,0.902123,0.05,16.37,12.98,0.0,0.16,Stable,20.77,22.31,12.69,T2R3,T2R3,2014
362,3.74,1.0,Corn,2014-06-17,2014-06-02,2014-06-05,2014-06-16,2014-06-16,0.855078,1.38,0.326,0.92093,0.06,14.78,12.98,0.0,0.16,Stable,24.71,29.53,19.03,T2R3,T2R3,2014
363,4.66,1.0,Corn,2014-06-17,2014-06-02,2014-06-05,2014-06-16,2014-06-16,0.855078,1.38,0.376,0.92093,0.07,4.87,7.84,0.0,0.12,Stable,24.71,29.53,19.03,T2R2,T2R2,2014
364,3.74,1.0,Corn,2014-06-17,2014-06-02,2014-06-05,2014-06-16,2014-06-02,1.258612,0.83,0.565,0.94831,0.22,5.23,12.54,0.0,0.11,Stable,24.71,29.53,19.03,T1R4,T1R4,2014
365,4.0,1.0,Corn,2014-06-17,2014-06-02,2014-06-05,2014-06-16,2014-06-16,1.258612,6.91,0.528,0.94831,0.5,9.98,14.99,0.0,0.15,Stable,24.71,29.53,19.03,T1R3,T1R3,2014
366,8.07,1.0,Corn,2014-06-17,2014-06-02,2014-06-05,2014-06-16,2014-06-16,0.83605,1.38,0.423,0.917357,0.11,11.72,18.6,0.0,0.15,Stable,24.71,29.53,19.03,T2R4,T2R4,2014
367,4.03,1.0,Corn,2014-06-17,2014-06-02,2014-06-05,2014-06-16,2014-06-16,1.255742,1.66,0.339,0.947958,0.05,5.91,10.02,0.0,0.11,Unstable,24.71,29.53,19.03,T1R2,T1R2,2014
368,4.71,1.0,Corn,2014-07-03,2014-07-09,2014-07-23,2014-07-09,2014-07-08,2.15134,13.37,0.736,0.977299,0.07,9.56,10.12,9.65,0.21,Stable,16.32,21.36,10.84,T2R3,T2R3,2014
369,4.71,1.0,Corn,2014-07-14,2014-07-09,2014-07-23,2014-07-09,2014-07-08,2.578761,1.31,0.736,0.999689,0.07,9.56,10.12,1.27,0.21,Stable,19.73,24.09,15.5,T2R3,T2R3,2014
370,4.71,1.0,Corn,2014-07-30,2014-07-09,2014-07-23,2014-07-22,2014-07-21,2.557231,-0.76,0.736,0.998609,0.01,9.66,10.12,0.0,0.14,Stable,17.87,23.53,11.02,T2R3,T2R3,2014
371,0.81,1.0,Corn,2014-10-07,2014-10-13,2014-10-27,2014-10-13,2014-10-13,0.989222,2.83,0.236,0.999766,0.13,14.33,3.73,4.83,0.19,Stable,10.4,17.95,4.65,T2R3,T2R3,2014
372,0.76,1.0,Corn,2014-10-07,2014-10-13,2014-10-27,2014-10-13,2014-10-13,0.989222,0.78,0.282,0.999773,0.02,15.2,4.5,4.83,0.15,Stable,10.4,17.95,4.65,T2R2,T2R2,2014
373,1.49,1.0,Corn,2014-10-07,2014-10-13,2014-10-27,2014-10-13,2014-10-13,0.937209,7.42,0.465,0.999069,0.05,3.22,6.34,4.83,0.15,Stable,10.4,17.95,4.65,T1R4,T1R4,2014
374,0.9,1.0,Corn,2014-10-07,2014-10-13,2014-10-27,2014-10-13,2014-10-13,0.984692,1.17,0.438,0.999772,0.04,6.13,3.17,4.83,0.18,Stable,10.4,17.95,4.65,T2R4,T2R4,2014
381,2.03,1.0,Soy,2015-05-28,2015-05-26,2015-05-23,2015-05-26,2015-05-18,0.0,2.69,0.36,1.0,0.04,6.14,3.73,0.0,0.19,Stable,19.39,27.03,10.68,T2R4,T2R4,2015
382,1.36,1.0,Soy,2015-05-28,2015-05-26,2015-05-23,2015-05-26,2015-05-18,0.0,3.84,0.304,1.0,0.03,16.5,2.36,0.0,0.15,Stable,19.39,27.03,10.68,T2R2,T2R2,2015
383,1.09,1.0,Soy,2015-05-28,2015-05-26,2015-05-23,2015-05-26,2015-05-18,0.0,6.92,0.484,1.0,0.04,14.22,3.66,0.0,0.15,Stable,19.39,27.03,10.68,T1R4,T1R4,2015
384,1.86,1.0,Soy,2015-05-28,2015-05-26,2015-05-23,2015-05-26,2015-05-18,0.0,32.56,0.392,1.0,0.06,33.77,4.49,0.0,0.18,Stable,19.39,27.03,10.68,T1R3,T1R3,2015
385,1.45,1.0,Soy,2015-05-28,2015-05-26,2015-05-23,2015-05-26,2015-05-18,0.0,16.04,0.398,1.0,0.03,10.67,3.78,0.0,0.16,Unstable,19.39,27.03,10.68,T1R2,T1R2,2015
386,1.31,1.0,Soy,2015-05-28,2015-05-26,2015-05-23,2015-05-26,2015-05-18,0.0,2.4,0.324,1.0,0.04,6.24,4.0,0.0,0.19,Stable,19.39,27.03,10.68,T2R3,T2R3,2015
387,1.35,1.0,Soy,2015-06-05,2015-06-08,2015-06-24,2015-06-08,2015-06-03,0.068265,4.91,0.599,1.0,0.06,6.81,3.63,0.0,0.15,Stable,18.23,22.13,15.11,T1R4,T1R4,2015
388,1.71,1.0,Soy,2015-06-05,2015-06-08,2015-06-24,2015-06-08,2015-06-03,0.068265,2.08,0.507,1.0,0.07,32.3,4.74,0.0,0.19,Stable,18.23,22.13,15.11,T1R3,T1R3,2015
389,4.24,1.0,Soy,2015-06-17,2015-06-24,2015-06-24,2015-06-24,2015-06-29,1.819852,12.21,0.599,1.0,0.07,6.91,3.64,12.0,0.16,Stable,18.68,22.58,15.06,T1R4,T1R4,2015
390,5.83,1.0,Soy,2015-06-17,2015-06-24,2015-06-24,2015-06-24,2015-06-29,1.819852,3.5,0.507,1.0,0.07,8.67,4.34,12.0,0.19,Stable,18.68,22.58,15.06,T1R3,T1R3,2015
391,1.43,1.0,Soy,2015-07-01,2015-07-20,2015-07-26,2015-07-20,2015-07-13,4.313385,1.14,0.752,1.0,0.01,15.0,1.76,0.0,0.2,Stable,15.74,20.14,12.65,T1R3,T1R3,2015
392,1.28,1.0,Soy,2015-07-01,2015-07-06,2015-07-26,2015-07-06,2015-07-13,4.338362,1.9,0.7,1.0,0.01,12.38,3.81,0.0,0.14,Unstable,15.74,20.14,12.65,T1R2,T1R2,2015
393,1.43,1.0,Soy,2015-07-16,2015-07-20,2015-07-26,2015-07-20,2015-07-13,4.441409,0.96,0.752,1.0,0.01,15.0,1.76,0.0,0.2,Stable,17.62,22.3,11.88,T1R3,T1R3,2015
394,1.0,1.0,Soy,2015-07-16,2015-07-20,2015-07-26,2015-07-20,2015-07-13,4.48462,3.92,0.7,1.0,0.01,12.38,1.66,0.0,0.17,Unstable,17.62,22.3,11.88,T1R2,T1R2,2015
395,1.43,0.945045,Soy,2015-07-30,2015-07-20,2015-07-26,2015-07-20,2015-07-28,3.500478,1.21,0.752,1.0,0.04,12.6,1.76,0.0,0.2,Stable,22.95,27.37,18.59,T1R3,T1R3,2015
396,2.06,0.992043,Soy,2015-09-17,2015-09-15,2015-09-28,2015-09-15,2015-09-24,1.436481,0.19,0.351,1.0,0.06,4.54,1.54,0.0,0.13,Stable,20.16,28.06,11.32,T2R4,T2R4,2015
397,2.06,0.942305,Soy,2015-09-17,2015-09-15,2015-09-28,2015-09-15,2015-09-08,1.436481,0.48,0.307,1.0,0.02,8.56,1.0,0.0,0.13,Stable,20.16,28.06,11.32,T2R3,T2R3,2015
398,9.78,1.0,Wheat,2016-04-07,2016-04-13,2016-04-23,2016-04-13,2016-04-04,5.459209,1.49,0.555,1.0,0.09,6.65,3.73,1.0,0.25,Stable,1.99,4.02,-1.25,T2R3,T2R3,2016
399,3.48,1.0,Wheat,2016-04-07,2016-04-13,2016-04-23,2016-04-13,2016-04-20,5.265428,1.78,0.594,1.0,0.24,0.9,1.6,1.0,0.17,Stable,1.99,4.02,-1.25,T2R2,T2R2,2016
400,3.76,1.0,Wheat,2016-04-07,2016-04-13,2016-04-23,2016-04-13,2016-04-04,6.393889,0.59,0.596,1.0,0.08,1.64,2.1,1.0,0.18,Stable,1.99,4.02,-1.25,T1R4,T1R4,2016
401,4.74,1.0,Wheat,2016-04-07,2016-04-13,2016-04-23,2016-04-13,2016-04-04,6.593866,1.78,0.607,1.0,0.11,1.88,1.95,1.0,0.21,Stable,1.99,4.02,-1.25,T1R3,T1R3,2016
402,5.22,1.0,Wheat,2016-04-07,2016-04-13,2016-04-23,2016-04-13,2016-04-04,6.362661,0.4,0.535,1.0,0.09,0.47,3.41,1.0,0.18,Unstable,1.99,4.02,-1.25,T1R2,T1R2,2016
403,3.39,1.0,Wheat,2016-04-07,2016-04-13,2016-04-23,2016-04-13,2016-04-04,5.445532,2.38,0.597,1.0,0.06,1.36,2.21,1.0,0.2,Stable,1.99,4.02,-1.25,T2R4,T2R4,2016
404,9.78,0.867616,Wheat,2016-04-19,2016-04-13,2016-04-23,2016-04-13,2016-04-20,5.034267,1.92,0.555,0.99728,0.04,0.11,3.73,0.0,0.25,Stable,12.07,16.55,8.77,T2R3,T2R3,2016
405,3.48,1.0,Wheat,2016-04-19,2016-04-13,2016-04-23,2016-04-13,2016-04-20,4.846142,2.21,0.594,0.996305,0.24,0.9,1.6,0.0,0.17,Stable,12.07,16.55,8.77,T2R2,T2R2,2016
406,3.76,0.966418,Wheat,2016-04-19,2016-04-13,2016-04-23,2016-04-13,2016-04-20,6.252521,1.34,0.596,1.0,0.05,0.92,2.1,0.0,0.18,Stable,12.07,16.55,8.77,T1R4,T1R4,2016
407,4.74,0.787578,Wheat,2016-04-19,2016-04-13,2016-04-23,2016-04-13,2016-04-20,6.452647,0.96,0.607,1.0,0.06,1.7,1.95,0.0,0.21,Stable,12.07,16.55,8.77,T1R3,T1R3,2016
408,5.22,0.987551,Wheat,2016-04-19,2016-04-13,2016-04-23,2016-04-13,2016-04-20,6.221267,1.73,0.535,1.0,0.07,0.37,3.41,0.0,0.18,Unstable,12.07,16.55,8.77,T1R2,T1R2,2016
409,3.39,0.841565,Wheat,2016-04-19,2016-04-13,2016-04-23,2016-04-13,2016-04-20,5.038708,2.88,0.597,0.997453,0.02,1.16,2.21,0.0,0.2,Stable,12.07,16.55,8.77,T2R4,T2R4,2016
433,1.71,1.0,Corn,2017-05-26,2017-05-23,2017-05-08,2017-05-23,2017-05-31,0.034037,3.37,0.268163,0.929259,0.03,4.17,5.49,0.0,0.2,Stable,15.12,21.3,10.45,T2R4,T2R4,2017
434,10.31,1.0,Corn,2017-05-26,2017-05-23,2017-05-08,2017-05-23,2017-05-31,0.005401,4.81,0.25817,0.985065,0.04,3.94,6.22,0.0,0.16,Stable,15.12,21.3,10.45,T1R4,T1R4,2017
435,6.66,1.0,Corn,2017-05-26,2017-05-23,2017-05-08,2017-05-23,2017-05-31,0.005401,6.44,0.301222,0.985065,0.03,3.46,4.65,0.0,0.15,Stable,15.12,21.3,10.45,T2R2,T2R2,2017
436,26.7,1.0,Corn,2017-05-26,2017-05-23,2017-05-08,2017-05-23,2017-05-31,0.005401,8.75,0.208678,0.985065,0.02,3.75,11.17,0.0,0.19,Stable,15.12,21.3,10.45,T1R3,T1R3,2017
437,1.69,1.0,Corn,2017-05-26,2017-05-23,2017-05-08,2017-05-23,2017-05-31,0.005401,17.89,0.348476,0.985065,0.03,3.52,4.25,0.0,0.16,Unstable,15.12,21.3,10.45,T1R2,T1R2,2017
438,22.84,1.0,Corn,2017-05-26,2017-05-23,2017-05-08,2017-05-23,2017-05-31,0.005401,9.81,0.292018,0.985065,0.02,5.3,7.76,0.0,0.2,Stable,15.12,21.3,10.45,T2R3,T2R3,2017
439,5.63,1.0,Corn,2017-06-08,2017-06-05,2017-06-08,2017-06-05,2017-06-13,0.541418,0.48,0.305755,0.968518,0.04,4.64,13.38,0.0,0.17,Stable,18.1,27.27,8.75,T2R4,T2R4,2017
440,1.92,1.0,Corn,2017-06-08,2017-06-05,2017-06-08,2017-06-05,2017-06-13,0.309898,0.29,0.34203,0.918857,0.06,0.94,7.52,0.0,0.13,Stable,18.1,27.27,8.75,T1R4,T1R4,2017
441,5.13,1.0,Corn,2017-06-08,2017-06-05,2017-06-08,2017-06-05,2017-06-13,0.309898,1.45,0.325185,0.918857,0.08,4.66,8.72,0.0,0.13,Stable,18.1,27.27,8.75,T2R2,T2R2,2017
442,1.43,1.0,Corn,2017-06-08,2017-06-05,2017-06-08,2017-06-05,2017-06-13,0.309898,3.96,0.273906,0.918857,0.03,5.07,7.56,0.0,0.16,Stable,18.1,27.27,8.75,T1R3,T1R3,2017
443,1.33,1.0,Corn,2017-06-08,2017-06-05,2017-06-08,2017-06-05,2017-06-13,0.309898,1.55,0.259789,0.918857,0.03,3.83,7.11,0.0,0.13,Unstable,18.1,27.27,8.75,T1R2,T1R2,2017
444,2.37,1.0,Corn,2017-06-08,2017-06-05,2017-06-08,2017-06-05,2017-06-28,0.309898,0.58,0.274664,0.918857,0.1,9.26,7.16,0.0,0.13,Stable,18.1,27.27,8.75,T2R3,T2R3,2017
445,4.48,1.0,Corn,2017-06-16,2017-06-19,2017-06-10,2017-06-19,2017-06-13,1.384739,4.09,0.333384,1.0,0.04,4.64,12.72,0.0,0.17,Stable,23.05,28.11,18.2,T2R4,T2R4,2017
446,2.78,1.0,Corn,2017-06-16,2017-06-19,2017-06-10,2017-06-19,2017-06-13,1.162542,2.04,0.328122,0.952078,0.08,4.66,12.63,0.0,0.17,Stable,23.05,28.11,18.2,T2R2,T2R2,2017
447,2.02,1.0,Corn,2017-06-16,2017-06-19,2017-06-10,2017-06-19,2017-06-13,1.159419,1.39,0.339003,0.954289,0.06,0.94,7.25,0.0,0.16,Stable,23.05,28.11,18.2,T1R4,T1R4,2017
448,2.29,1.0,Corn,2017-06-16,2017-06-19,2017-06-10,2017-06-19,2017-06-13,1.146428,7.52,0.296736,0.963076,0.03,5.07,13.7,0.0,0.18,Stable,23.05,28.11,18.2,T1R3,T1R3,2017
449,5.32,1.0,Corn,2017-06-16,2017-06-19,2017-06-10,2017-06-19,2017-06-13,1.162542,3.81,0.2751,0.952078,0.03,3.83,12.34,0.0,0.14,Unstable,23.05,28.11,18.2,T1R2,T1R2,2017
450,3.85,1.0,Corn,2017-06-16,2017-06-19,2017-06-10,2017-06-19,2017-06-28,1.162542,0.74,0.263916,0.952078,0.1,9.26,15.68,0.0,0.21,Stable,23.05,28.11,18.2,T2R3,T2R3,2017
451,2.82,1.0,Corn,2017-06-23,2017-06-26,2017-06-24,2017-06-26,2017-06-28,1.91202,2.78,0.493287,0.982749,0.01,4.75,14.43,5.0,0.15,Stable,22.09,24.01,17.84,T2R4,T2R4,2017
452,22.53,1.0,Corn,2017-06-23,2017-06-26,2017-06-24,2017-06-26,2017-06-13,1.89077,6.96,0.515496,1.0,0.06,0.94,16.61,5.0,0.11,Stable,22.09,24.01,17.84,T1R4,T1R4,2017
453,37.55,1.0,Corn,2017-06-23,2017-06-26,2017-06-24,2017-06-26,2017-06-28,1.890289,9.0,0.466071,1.0,0.01,9.55,18.47,5.0,0.12,Stable,22.09,24.01,17.84,T2R2,T2R2,2017
454,3.1,1.0,Corn,2017-06-23,2017-06-26,2017-06-24,2017-06-26,2017-06-28,1.878258,13.26,0.480923,1.0,0.01,5.67,13.95,5.0,0.15,Stable,22.09,24.01,17.84,T1R3,T1R3,2017
455,15.61,1.0,Corn,2017-06-23,2017-06-26,2017-06-24,2017-06-26,2017-06-28,1.89376,20.31,0.448424,1.0,0.03,4.18,15.65,5.0,0.12,Unstable,22.09,24.01,17.84,T1R2,T1R2,2017
456,57.86,1.0,Corn,2017-06-23,2017-06-26,2017-06-24,2017-06-26,2017-06-28,1.892023,3.62,0.414922,1.0,0.1,9.26,33.97,5.0,0.17,Stable,22.09,24.01,17.84,T2R3,T2R3,2017
457,2.82,0.877549,Corn,2017-06-30,2017-06-26,2017-06-24,2017-06-26,2017-06-28,2.446067,2.33,0.493287,0.990155,0.01,4.75,14.43,0.0,0.15,Stable,22.34,27.9,18.76,T2R4,T2R4,2017
458,22.53,0.694932,Corn,2017-06-30,2017-06-26,2017-06-24,2017-06-26,2017-06-13,2.523053,10.45,0.515496,1.0,0.06,0.94,16.61,0.0,0.11,Stable,22.34,27.9,18.76,T1R4,T1R4,2017
459,37.55,1.0,Corn,2017-06-30,2017-06-26,2017-06-24,2017-06-26,2017-06-28,2.540448,26.02,0.466071,1.0,0.01,9.55,18.47,0.0,0.12,Stable,22.34,27.9,18.76,T2R2,T2R2,2017
460,3.1,0.744365,Corn,2017-06-30,2017-06-26,2017-06-24,2017-06-26,2017-06-28,2.511779,6.16,0.480923,1.0,0.01,5.67,13.95,0.0,0.15,Stable,22.34,27.9,18.76,T1R3,T1R3,2017
461,15.61,0.9025,Corn,2017-06-30,2017-06-26,2017-06-24,2017-06-26,2017-06-28,2.543722,23.87,0.448424,1.0,0.03,4.18,15.65,0.0,0.12,Unstable,22.34,27.9,18.76,T1R2,T1R2,2017
462,57.86,0.751984,Corn,2017-06-30,2017-06-26,2017-06-24,2017-06-26,2017-06-28,2.529813,4.94,0.414922,1.0,0.1,9.26,33.97,0.0,0.17,Stable,22.34,27.9,18.76,T2R3,T2R3,2017
463,8.72,0.655637,Corn,2017-07-07,2017-07-17,2017-07-06,2017-07-17,2017-07-10,2.727763,7.97,0.532011,1.0,0.02,5.46,21.66,9.0,0.15,Stable,23.33,28.47,17.65,T2R4,T2R4,2017
464,3.56,0.55598,Corn,2017-07-07,2017-07-17,2017-07-06,2017-07-17,2017-07-10,3.144611,58.25,0.525193,0.994247,0.36,0.01,20.97,9.0,0.12,Stable,23.33,28.47,17.65,T1R4,T1R4,2017
465,12.11,0.586882,Corn,2017-07-07,2017-07-17,2017-07-06,2017-07-17,2017-07-10,3.143473,30.86,0.552241,0.993626,0.01,6.04,24.19,9.0,0.16,Stable,23.33,28.47,17.65,T1R3,T1R3,2017
466,9.89,0.60495,Corn,2017-07-07,2017-07-17,2017-07-06,2017-07-17,2017-07-10,3.187894,90.61,0.49135,0.993483,0.27,4.14,17.44,9.0,0.11,Unstable,23.33,28.47,17.65,T1R2,T1R2,2017
467,20.11,0.614583,Corn,2017-07-07,2017-07-17,2017-07-06,2017-07-17,2017-07-10,3.176038,7.6,0.546436,0.992649,0.02,4.43,41.62,9.0,0.19,Stable,23.33,28.47,17.65,T2R3,T2R3,2017
468,20.11,0.63814,Corn,2017-07-20,2017-07-17,2017-07-25,2017-07-17,2017-07-24,3.419411,25.34,0.660789,0.998078,0.01,4.58,41.62,0.0,0.19,Stable,24.56,30.18,19.79,T2R3,T2R3,2017
469,3.56,0.644829,Corn,2017-07-20,2017-07-17,2017-07-25,2017-07-17,2017-07-24,3.377962,20.99,0.575039,0.997844,0.02,0.04,20.97,0.0,0.12,Stable,24.56,30.18,19.79,T1R4,T1R4,2017
470,12.11,0.668949,Corn,2017-07-20,2017-07-17,2017-07-25,2017-07-17,2017-07-24,3.380465,8.14,0.62791,0.99786,0.01,7.22,24.19,0.0,0.16,Stable,24.56,30.18,19.79,T1R3,T1R3,2017
471,9.89,0.718884,Corn,2017-07-20,2017-07-17,2017-07-25,2017-07-17,2017-07-24,3.427823,35.42,0.588759,0.997628,0.09,2.2,17.44,0.0,0.11,Unstable,24.56,30.18,19.79,T1R2,T1R2,2017
472,8.72,0.644411,Corn,2017-07-20,2017-07-17,2017-07-25,2017-07-17,2017-07-24,2.695616,12.21,0.587778,0.998449,0.03,3.78,21.66,0.0,0.15,Stable,24.56,30.18,19.79,T2R4,T2R4,2017
473,19.09,0.378911,Corn,2017-08-09,2017-08-02,2017-08-08,2017-08-02,2017-08-14,2.256804,2.59,0.596741,0.99272,0.01,4.86,62.49,0.0,0.08,Stable,19.8,29.05,10.84,T2R4,T2R4,2017
474,9.68,0.393863,Corn,2017-08-09,2017-08-02,2017-08-08,2017-08-02,2017-08-14,2.987964,3.45,0.65063,0.994213,0.01,9.09,33.78,0.0,0.1,Stable,19.8,29.05,10.84,T2R3,T2R3,2017
